Identity	Generation	Population
FusA G604V	0	0.0
FusA G604V	1	0.0
FusA G604V	2	5.0
FusA G604V	3	14.000000000000002
FusA G604V	5	14.000000000000002
FusA G604V	7	84.0
FusA G604V	9	42.0
FusA G604V	10	35.0
SbmA Δ135 bp	0	0.0
SbmA Δ135 bp	1	0.0
SbmA Δ135 bp	2	0.0
SbmA Δ135 bp	3	0.0
SbmA Δ135 bp	5	0.0
SbmA Δ135 bp	7	0.0
SbmA Δ135 bp	9	26.0
SbmA Δ135 bp	10	26.0
SbmA Q192L	0	0.0
SbmA Q192L	1	0.0
SbmA Q192L	2	0.0
SbmA Q192L	3	0.0
SbmA Q192L	5	0.0
SbmA Q192L	7	0.0
SbmA Q192L	9	24.0
SbmA Q192L	10	21.0
WT	0	100.0
WT	1	100.0
WT	2	95.0
WT	3	86.0
WT	5	86.0
WT	7	16.0
WT	9	8.0
WT	10	18.0
