Identity	Generation	Population
SbmA L376P	0	0.0
SbmA L376P	1	0.0
SbmA L376P	2	0.0
SbmA L376P	3	0.0
SbmA L376P	5	44.0
SbmA L376P	7	33.0
SbmA L376P	9	56.99999999999999
SbmA L376P	10	14.000000000000002
SbmA H161P	0	0.0
SbmA H161P	1	0.0
SbmA H161P	2	0.0
SbmA H161P	3	0.0
SbmA H161P	5	0.0
SbmA H161P	7	0.0
SbmA H161P	9	0.0
SbmA H161P	10	46.0
SbmA R167C	0	0.0
SbmA R167C	1	0.0
SbmA R167C	2	0.0
SbmA R167C	3	0.0
SbmA R167C	5	0.0
SbmA R167C	7	0.0
SbmA R167C	9	0.0
SbmA R167C	10	19.0
SbmA W111*	0	0.0
SbmA W111*	1	0.0
SbmA W111*	2	0.0
SbmA W111*	3	0.0
SbmA W111*	5	0.0
SbmA W111*	7	0.0
SbmA W111*	9	0.0
SbmA W111*	10	7.000000000000001
SbmA W99*	0	0.0
SbmA W99*	1	0.0
SbmA W99*	2	0.0
SbmA W99*	3	0.0
SbmA W99*	5	0.0
SbmA W99*	7	0.0
SbmA W99*	9	0.0
SbmA W99*	10	6.0
WT	0	100.0
WT	1	100.0
WT	2	100.0
WT	3	100.0
WT	5	56.0
WT	7	67.0
WT	9	43.00000000000001
WT	10	8.0
