Identity	Generation	Population
SbmA H161P	0	0.0
SbmA H161P	1	0.0
SbmA H161P	2	0.0
SbmA H161P	3	0.0
SbmA H161P	5	0.0
SbmA H161P	7	0.0
SbmA H161P	9	0.0
SbmA H161P	10	50.0
SbmA V102E	0	0.0
SbmA V102E	1	0.0
SbmA V102E	2	0.0
SbmA V102E	3	0.0
SbmA V102E	5	0.0
SbmA V102E	7	36.0
SbmA V102E	9	0.0
SbmA V102E	10	0.0
SbmA W111*	0	0.0
SbmA W111*	1	0.0
SbmA W111*	2	0.0
SbmA W111*	3	0.0
SbmA W111*	5	0.0
SbmA W111*	7	0.0
SbmA W111*	9	0.0
SbmA W111*	10	28.999999999999996
SbmA R167C	0	0.0
SbmA R167C	1	0.0
SbmA R167C	2	0.0
SbmA R167C	3	0.0
SbmA R167C	5	0.0
SbmA R167C	7	0.0
SbmA R167C	9	0.0
SbmA R167C	10	28.000000000000004
WT	0	100.0
WT	1	100.0
WT	2	100.0
WT	3	100.0
WT	5	100.0
WT	7	64.0
WT	9	100.0
WT	10	0.0
